diagnosis,radius_mean,texture_mean,perimeter_mean,area_mean,smoothness_mean,compactness_mean,concavity_mean,concave points_mean,symmetry_mean,fractal_dimension_mean,radius_se,texture_se,perimeter_se,area_se,smoothness_se,compactness_se,concavity_se,concave points_se,symmetry_se,fractal_dimension_se,radius_worst,texture_worst,perimeter_worst,area_worst,smoothness_worst,compactness_worst,concavity_worst,concave points_worst,symmetry_worst,fractal_dimension_worst
1,13.4,20.52,88.64,556.7,0.1106,0.1469,0.1445,0.08172,0.2116,0.07325,0.3906,0.9306,3.093,33.67,0.005414,0.02265,0.03452,0.01334,0.01705,0.004005,16.41,29.66,113.3,844.4,0.1574,0.3856,0.5106,0.2051,0.3585,0.1109
0,13.21,25.25,84.1,537.9,0.08791,0.05205,0.02772,0.02068,0.1619,0.05584,0.2084,1.35,1.314,17.58,0.005768,0.008082,0.0151,0.006451,0.01347,0.001828,14.35,34.23,91.29,632.9,0.1289,0.1063,0.139,0.06005,0.2444,0.06788
0,14.02,15.66,89.59,606.5,0.07966,0.05581,0.02087,0.02652,0.1589,0.05586,0.2142,0.6549,1.606,19.25,0.004837,0.009238,0.009213,0.01076,0.01171,0.002104,14.91,19.31,96.53,688.9,0.1034,0.1017,0.0626,0.08216,0.2136,0.0671
0,14.26,18.17,91.22,633.1,0.06576,0.0522,0.02475,0.01374,0.1635,0.05586,0.23,0.669,1.661,20.56,0.003169,0.01377,0.01079,0.005243,0.01103,0.001957,16.22,25.26,105.8,819.7,0.09445,0.2167,0.1565,0.0753,0.2636,0.07676
0,13.03,18.42,82.61,523.8,0.08983,0.03766,0.02562,0.02923,0.1467,0.05863,0.1839,2.342,1.17,14.16,0.004352,0.004899,0.01343,0.01164,0.02671,0.001777,13.3,22.81,84.46,545.9,0.09701,0.04619,0.04833,0.05013,0.1987,0.06169
0,11.34,18.61,72.76,391.2,0.1049,0.08499,0.04302,0.02594,0.1927,0.06211,0.243,1.01,1.491,18.19,0.008577,0.01641,0.02099,0.01107,0.02434,0.001217,12.47,23.03,79.15,478.6,0.1483,0.1574,0.1624,0.08542,0.306,0.06783
0,12.05,22.72,78.75,447.8,0.06935,0.1073,0.07943,0.02978,0.1203,0.06659,0.1194,1.434,1.778,9.549,0.005042,0.0456,0.04305,0.01667,0.0247,0.007358,12.57,28.71,87.36,488.4,0.08799,0.3214,0.2912,0.1092,0.2191,0.09349
0,11.7,19.11,74.33,418.7,0.08814,0.05253,0.01583,0.01148,0.1936,0.06128,0.1601,1.43,1.109,11.28,0.006064,0.00911,0.01042,0.007638,0.02349,0.001661,12.61,26.55,80.92,483.1,0.1223,0.1087,0.07915,0.05741,0.3487,0.06958
0,7.729,25.49,47.98,178.8,0.08098,0.04878,0.0,0.0,0.187,0.07285,0.3777,1.462,2.492,19.14,0.01266,0.009692,0.0,0.0,0.02882,0.006872,9.077,30.92,57.17,248.0,0.1256,0.0834,0.0,0.0,0.3058,0.09938
0,10.26,14.71,66.2,321.6,0.09882,0.09159,0.03581,0.02037,0.1633,0.07005,0.338,2.509,2.394,19.33,0.01736,0.04671,0.02611,0.01296,0.03675,0.006758,10.88,19.48,70.89,357.1,0.136,0.1636,0.07162,0.04074,0.2434,0.08488
0,14.69,13.98,98.22,656.1,0.1031,0.1836,0.145,0.063,0.2086,0.07406,0.5462,1.511,4.795,49.45,0.009976,0.05244,0.05278,0.0158,0.02653,0.005444,16.46,18.34,114.1,809.2,0.1312,0.3635,0.3219,0.1108,0.2827,0.09208
0,14.62,24.02,94.57,662.7,0.08974,0.08606,0.03102,0.02957,0.1685,0.05866,0.3721,1.111,2.279,33.76,0.004868,0.01818,0.01121,0.008606,0.02085,0.002893,16.11,29.11,102.9,803.7,0.1115,0.1766,0.09189,0.06946,0.2522,0.07246
0,9.397,21.68,59.75,268.8,0.07969,0.06053,0.03735,0.005128,0.1274,0.06724,0.1186,1.182,1.174,6.802,0.005515,0.02674,0.03735,0.005128,0.01951,0.004583,9.965,27.99,66.61,301.0,0.1086,0.1887,0.1868,0.02564,0.2376,0.09206
0,16.84,19.46,108.4,880.2,0.07445,0.07223,0.0515,0.02771,0.1844,0.05268,0.4789,2.06,3.479,46.61,0.003443,0.02661,0.03056,0.0111,0.0152,0.001519,18.22,28.07,120.3,1032.0,0.08774,0.171,0.1882,0.08436,0.2527,0.05972
0,14.64,15.24,95.77,651.9,0.1132,0.1339,0.09966,0.07064,0.2116,0.06346,0.5115,0.7372,3.814,42.76,0.005508,0.04412,0.04436,0.01623,0.02427,0.004841,16.34,18.24,109.4,803.6,0.1277,0.3089,0.2604,0.1397,0.3151,0.08473
1,15.46,11.89,102.5,736.9,0.1257,0.1555,0.2032,0.1097,0.1966,0.07069,0.4209,0.6583,2.805,44.64,0.005393,0.02321,0.04303,0.0132,0.01792,0.004168,18.79,17.04,125.0,1102.0,0.1531,0.3583,0.583,0.1827,0.3216,0.101
0,9.042,18.9,60.07,244.5,0.09968,0.1972,0.1975,0.04908,0.233,0.08743,0.4653,1.911,3.769,24.2,0.009845,0.0659,0.1027,0.02527,0.03491,0.007877,10.06,23.4,68.62,297.1,0.1221,0.3748,0.4609,0.1145,0.3135,0.1055
1,20.51,27.81,134.4,1319.0,0.09159,0.1074,0.1554,0.0834,0.1448,0.05592,0.524,1.189,3.767,70.01,0.00502,0.02062,0.03457,0.01091,0.01298,0.002887,24.47,37.38,162.7,1872.0,0.1223,0.2761,0.4146,0.1563,0.2437,0.08328
1,19.55,23.21,128.9,1174.0,0.101,0.1318,0.1856,0.1021,0.1989,0.05884,0.6107,2.836,5.383,70.1,0.01124,0.04097,0.07469,0.03441,0.02768,0.00624,20.82,30.44,142.0,1313.0,0.1251,0.2414,0.3829,0.1825,0.2576,0.07602
1,20.94,23.56,138.9,1364.0,0.1007,0.1606,0.2712,0.131,0.2205,0.05898,1.004,0.8208,6.372,137.9,0.005283,0.03908,0.09518,0.01864,0.02401,0.005002,25.58,27.0,165.3,2010.0,0.1211,0.3172,0.6991,0.2105,0.3126,0.07849
1,11.84,18.7,77.93,440.6,0.1109,0.1516,0.1218,0.05182,0.2301,0.07799,0.4825,1.03,3.475,41.0,0.005551,0.03414,0.04205,0.01044,0.02273,0.005667,16.82,28.12,119.4,888.7,0.1637,0.5775,0.6956,0.1546,0.4761,0.1402
1,16.24,18.77,108.8,805.1,0.1066,0.1802,0.1948,0.09052,0.1876,0.06684,0.2873,0.9173,2.464,28.09,0.004563,0.03481,0.03872,0.01209,0.01388,0.004081,18.55,25.09,126.9,1031.0,0.1365,0.4706,0.5026,0.1732,0.277,0.1063
0,13.47,14.06,87.32,546.3,0.1071,0.1155,0.05786,0.05266,0.1779,0.06639,0.1588,0.5733,1.102,12.84,0.00445,0.01452,0.01334,0.008791,0.01698,0.002787,14.83,18.32,94.94,660.2,0.1393,0.2499,0.1848,0.1335,0.3227,0.09326
0,11.84,18.94,75.51,428.0,0.08871,0.069,0.02669,0.01393,0.1533,0.06057,0.2222,0.8652,1.444,17.12,0.005517,0.01727,0.02045,0.006747,0.01616,0.002922,13.3,24.99,85.22,546.3,0.128,0.188,0.1471,0.06913,0.2535,0.07993
1,21.37,15.1,141.3,1386.0,0.1001,0.1515,0.1932,0.1255,0.1973,0.06183,0.3414,1.309,2.407,39.06,0.004426,0.02675,0.03437,0.01343,0.01675,0.004367,22.69,21.84,152.1,1535.0,0.1192,0.284,0.4024,0.1966,0.273,0.08666
0,11.93,10.91,76.14,442.7,0.08872,0.05242,0.02606,0.01796,0.1601,0.05541,0.2522,1.045,1.649,18.95,0.006175,0.01204,0.01376,0.005832,0.01096,0.001857,13.8,20.14,87.64,589.5,0.1374,0.1575,0.1514,0.06876,0.246,0.07262
0,10.9,12.96,68.69,366.8,0.07515,0.03718,0.00309,0.006588,0.1442,0.05743,0.2818,0.7614,1.808,18.54,0.006142,0.006134,0.001835,0.003576,0.01637,0.002665,12.36,18.2,78.07,470.0,0.1171,0.08294,0.01854,0.03953,0.2738,0.07685
1,13.73,22.61,93.6,578.3,0.1131,0.2293,0.2128,0.08025,0.2069,0.07682,0.2121,1.169,2.061,19.21,0.006429,0.05936,0.05501,0.01628,0.01961,0.008093,15.03,32.01,108.8,697.7,0.1651,0.7725,0.6943,0.2208,0.3596,0.1431
0,13.4,16.95,85.48,552.4,0.07937,0.05696,0.02181,0.01473,0.165,0.05701,0.1584,0.6124,1.036,13.22,0.004394,0.0125,0.01451,0.005484,0.01291,0.002074,14.73,21.7,93.76,663.5,0.1213,0.1676,0.1364,0.06987,0.2741,0.07582
1,18.77,21.43,122.9,1092.0,0.09116,0.1402,0.106,0.0609,0.1953,0.06083,0.6422,1.53,4.369,88.25,0.007548,0.03897,0.03914,0.01816,0.02168,0.004445,24.54,34.37,161.1,1873.0,0.1498,0.4827,0.4634,0.2048,0.3679,0.0987
0,12.81,13.06,81.29,508.8,0.08739,0.03774,0.009193,0.0133,0.1466,0.06133,0.2889,0.9899,1.778,21.79,0.008534,0.006364,0.00618,0.007408,0.01065,0.003351,13.63,16.15,86.7,570.7,0.1162,0.05445,0.02758,0.0399,0.1783,0.07319
1,20.57,17.77,132.9,1326.0,0.08474,0.07864,0.0869,0.07017,0.1812,0.05667,0.5435,0.7339,3.398,74.08,0.005225,0.01308,0.0186,0.0134,0.01389,0.003532,24.99,23.41,158.8,1956.0,0.1238,0.1866,0.2416,0.186,0.275,0.08902
0,13.14,20.74,85.98,536.9,0.08675,0.1089,0.1085,0.0351,0.1562,0.0602,0.3152,0.7884,2.312,27.4,0.007295,0.03179,0.04615,0.01254,0.01561,0.00323,14.8,25.46,100.9,689.1,0.1351,0.3549,0.4504,0.1181,0.2563,0.08174
1,16.16,21.54,106.2,809.8,0.1008,0.1284,0.1043,0.05613,0.216,0.05891,0.4332,1.265,2.844,43.68,0.004877,0.01952,0.02219,0.009231,0.01535,0.002373,19.47,31.68,129.7,1175.0,0.1395,0.3055,0.2992,0.1312,0.348,0.07619
0,9.738,11.97,61.24,288.5,0.0925,0.04102,0.0,0.0,0.1903,0.06422,0.1988,0.496,1.218,12.26,0.00604,0.005656,0.0,0.0,0.02277,0.00322,10.62,14.1,66.53,342.9,0.1234,0.07204,0.0,0.0,0.3105,0.08151
1,12.68,23.84,82.69,499.0,0.1122,0.1262,0.1128,0.06873,0.1905,0.0659,0.4255,1.178,2.927,36.46,0.007781,0.02648,0.02973,0.0129,0.01635,0.003601,17.09,33.47,111.8,888.3,0.1851,0.4061,0.4024,0.1716,0.3383,0.1031
0,13.27,17.02,84.55,546.4,0.08445,0.04994,0.03554,0.02456,0.1496,0.05674,0.2927,0.8907,2.044,24.68,0.006032,0.01104,0.02259,0.009057,0.01482,0.002496,15.14,23.6,98.84,708.8,0.1276,0.1311,0.1786,0.09678,0.2506,0.07623
1,19.0,18.91,123.4,1138.0,0.08217,0.08028,0.09271,0.05627,0.1946,0.05044,0.6896,1.342,5.216,81.23,0.004428,0.02731,0.0404,0.01361,0.0203,0.002686,22.32,25.73,148.2,1538.0,0.1021,0.2264,0.3207,0.1218,0.2841,0.06541
0,14.86,16.94,94.89,673.7,0.08924,0.07074,0.03346,0.02877,0.1573,0.05703,0.3028,0.6683,1.612,23.92,0.005756,0.01665,0.01461,0.008281,0.01551,0.002168,16.31,20.54,102.3,777.5,0.1218,0.155,0.122,0.07971,0.2525,0.06827
1,15.08,25.74,98.0,716.6,0.1024,0.09769,0.1235,0.06553,0.1647,0.06464,0.6534,1.506,4.174,63.37,0.01052,0.02431,0.04912,0.01746,0.0212,0.004867,18.51,33.22,121.2,1050.0,0.166,0.2356,0.4029,0.1526,0.2654,0.09438
1,15.13,29.81,96.71,719.5,0.0832,0.04605,0.04686,0.02739,0.1852,0.05294,0.4681,1.627,3.043,45.38,0.006831,0.01427,0.02489,0.009087,0.03151,0.00175,17.26,36.91,110.1,931.4,0.1148,0.09866,0.1547,0.06575,0.3233,0.06165
0,8.878,15.49,56.74,241.0,0.08293,0.07698,0.04721,0.02381,0.193,0.06621,0.5381,1.2,4.277,30.18,0.01093,0.02899,0.03214,0.01506,0.02837,0.004174,9.981,17.7,65.27,302.0,0.1015,0.1248,0.09441,0.04762,0.2434,0.07431
1,16.02,23.24,102.7,797.8,0.08206,0.06669,0.03299,0.03323,0.1528,0.05697,0.3795,1.187,2.466,40.51,0.004029,0.009269,0.01101,0.007591,0.0146,0.003042,19.19,33.88,123.8,1150.0,0.1181,0.1551,0.1459,0.09975,0.2948,0.08452
0,10.32,16.35,65.31,324.9,0.09434,0.04994,0.01012,0.005495,0.1885,0.06201,0.2104,0.967,1.356,12.97,0.007086,0.007247,0.01012,0.005495,0.0156,0.002606,11.25,21.77,71.12,384.9,0.1285,0.08842,0.04384,0.02381,0.2681,0.07399
0,13.24,20.13,86.87,542.9,0.08284,0.1223,0.101,0.02833,0.1601,0.06432,0.281,0.8135,3.369,23.81,0.004929,0.06657,0.07683,0.01368,0.01526,0.008133,15.44,25.5,115.0,733.5,0.1201,0.5646,0.6556,0.1357,0.2845,0.1249
1,21.56,22.39,142.0,1479.0,0.111,0.1159,0.2439,0.1389,0.1726,0.05623,1.176,1.256,7.673,158.7,0.0103,0.02891,0.05198,0.02454,0.01114,0.004239,25.45,26.4,166.1,2027.0,0.141,0.2113,0.4107,0.2216,0.206,0.07115
0,8.671,14.45,54.42,227.2,0.09138,0.04276,0.0,0.0,0.1722,0.06724,0.2204,0.7873,1.435,11.36,0.009172,0.008007,0.0,0.0,0.02711,0.003399,9.262,17.04,58.36,259.2,0.1162,0.07057,0.0,0.0,0.2592,0.07848
0,14.03,21.25,89.79,603.4,0.0907,0.06945,0.01462,0.01896,0.1517,0.05835,0.2589,1.503,1.667,22.07,0.007389,0.01383,0.007302,0.01004,0.01263,0.002925,15.33,30.28,98.27,715.5,0.1287,0.1513,0.06231,0.07963,0.2226,0.07617
0,11.81,17.39,75.27,428.9,0.1007,0.05562,0.02353,0.01553,0.1718,0.0578,0.1859,1.926,1.011,14.47,0.007831,0.008776,0.01556,0.00624,0.03139,0.001988,12.57,26.48,79.57,489.5,0.1356,0.1,0.08803,0.04306,0.32,0.06576
1,14.54,27.54,96.73,658.8,0.1139,0.1595,0.1639,0.07364,0.2303,0.07077,0.37,1.033,2.879,32.55,0.005607,0.0424,0.04741,0.0109,0.01857,0.005466,17.46,37.13,124.1,943.2,0.1678,0.6577,0.7026,0.1712,0.4218,0.1341
1,19.17,24.8,132.4,1123.0,0.0974,0.2458,0.2065,0.1118,0.2397,0.078,0.9555,3.568,11.07,116.2,0.003139,0.08297,0.0889,0.0409,0.04484,0.01284,20.96,29.94,151.7,1332.0,0.1037,0.3903,0.3639,0.1767,0.3176,0.1023
1,14.86,23.21,100.4,671.4,0.1044,0.198,0.1697,0.08878,0.1737,0.06672,0.2796,0.9622,3.591,25.2,0.008081,0.05122,0.05551,0.01883,0.02545,0.004312,16.08,27.78,118.6,784.7,0.1316,0.4648,0.4589,0.1727,0.3,0.08701
1,18.45,21.91,120.2,1075.0,0.0943,0.09709,0.1153,0.06847,0.1692,0.05727,0.5959,1.202,3.766,68.35,0.006001,0.01422,0.02855,0.009148,0.01492,0.002205,22.52,31.39,145.6,1590.0,0.1465,0.2275,0.3965,0.1379,0.3109,0.0761
0,11.6,18.36,73.88,412.7,0.08508,0.05855,0.03367,0.01777,0.1516,0.05859,0.1816,0.7656,1.303,12.89,0.006709,0.01701,0.0208,0.007497,0.02124,0.002768,12.77,24.02,82.68,495.1,0.1342,0.1808,0.186,0.08288,0.321,0.07863
0,12.46,19.89,80.43,471.3,0.08451,0.1014,0.0683,0.03099,0.1781,0.06249,0.3642,1.04,2.579,28.32,0.00653,0.03369,0.04712,0.01403,0.0274,0.004651,13.46,23.07,88.13,551.3,0.105,0.2158,0.1904,0.07625,0.2685,0.07764
0,11.47,16.03,73.02,402.7,0.09076,0.05886,0.02587,0.02322,0.1634,0.06372,0.1707,0.7615,1.09,12.25,0.009191,0.008548,0.0094,0.006315,0.01755,0.003009,12.51,20.79,79.67,475.8,0.1531,0.112,0.09823,0.06548,0.2851,0.08763
0,11.32,27.08,71.76,395.7,0.06883,0.03813,0.01633,0.003125,0.1869,0.05628,0.121,0.8927,1.059,8.605,0.003653,0.01647,0.01633,0.003125,0.01537,0.002052,12.08,33.75,79.82,452.3,0.09203,0.1432,0.1089,0.02083,0.2849,0.07087
0,12.27,29.97,77.42,465.4,0.07699,0.03398,0.0,0.0,0.1701,0.0596,0.4455,3.647,2.884,35.13,0.007339,0.008243,0.0,0.0,0.03141,0.003136,13.45,38.05,85.08,558.9,0.09422,0.05213,0.0,0.0,0.2409,0.06743
0,12.18,20.52,77.22,458.7,0.08013,0.04038,0.02383,0.0177,0.1739,0.05677,0.1924,1.571,1.183,14.68,0.00508,0.006098,0.01069,0.006797,0.01447,0.001532,13.34,32.84,84.58,547.8,0.1123,0.08862,0.1145,0.07431,0.2694,0.06878
1,21.75,20.99,147.3,1491.0,0.09401,0.1961,0.2195,0.1088,0.1721,0.06194,1.167,1.352,8.867,156.8,0.005687,0.0496,0.06329,0.01561,0.01924,0.004614,28.19,28.18,195.9,2384.0,0.1272,0.4725,0.5807,0.1841,0.2833,0.08858
1,13.77,22.29,90.63,588.9,0.12,0.1267,0.1385,0.06526,0.1834,0.06877,0.6191,2.112,4.906,49.7,0.0138,0.03348,0.04665,0.0206,0.02689,0.004306,16.39,34.01,111.6,806.9,0.1737,0.3122,0.3809,0.1673,0.308,0.09333
1,16.07,19.65,104.1,817.7,0.09168,0.08424,0.09769,0.06638,0.1798,0.05391,0.7474,1.016,5.029,79.25,0.01082,0.02203,0.035,0.01809,0.0155,0.001948,19.77,24.56,128.8,1223.0,0.15,0.2045,0.2829,0.152,0.265,0.06387
0,11.14,14.07,71.24,384.6,0.07274,0.06064,0.04505,0.01471,0.169,0.06083,0.4222,0.8092,3.33,28.84,0.005541,0.03387,0.04505,0.01471,0.03102,0.004831,12.12,15.82,79.62,453.5,0.08864,0.1256,0.1201,0.03922,0.2576,0.07018
0,12.87,16.21,82.38,512.2,0.09425,0.06219,0.039,0.01615,0.201,0.05769,0.2345,1.219,1.546,18.24,0.005518,0.02178,0.02589,0.00633,0.02593,0.002157,13.9,23.64,89.27,597.5,0.1256,0.1808,0.1992,0.0578,0.3604,0.07062
1,17.6,23.33,119.0,980.5,0.09289,0.2004,0.2136,0.1002,0.1696,0.07369,0.9289,1.465,5.801,104.9,0.006766,0.07025,0.06591,0.02311,0.01673,0.0113,21.57,28.87,143.6,1437.0,0.1207,0.4785,0.5165,0.1996,0.2301,0.1224
0,12.04,28.14,76.85,449.9,0.08752,0.06,0.02367,0.02377,0.1854,0.05698,0.6061,2.643,4.099,44.96,0.007517,0.01555,0.01465,0.01183,0.02047,0.003883,13.6,33.33,87.24,567.6,0.1041,0.09726,0.05524,0.05547,0.2404,0.06639
1,22.27,19.67,152.8,1509.0,0.1326,0.2768,0.4264,0.1823,0.2556,0.07039,1.215,1.545,10.05,170.0,0.006515,0.08668,0.104,0.0248,0.03112,0.005037,28.4,28.01,206.8,2360.0,0.1701,0.6997,0.9608,0.291,0.4055,0.09789
1,17.46,39.28,113.4,920.6,0.09812,0.1298,0.1417,0.08811,0.1809,0.05966,0.5366,0.8561,3.002,49.0,0.00486,0.02785,0.02602,0.01374,0.01226,0.002759,22.51,44.87,141.2,1408.0,0.1365,0.3735,0.3241,0.2066,0.2853,0.08496
1,20.58,22.14,134.7,1290.0,0.0909,0.1348,0.164,0.09561,0.1765,0.05024,0.8601,1.48,7.029,111.7,0.008124,0.03611,0.05489,0.02765,0.03176,0.002365,23.24,27.84,158.3,1656.0,0.1178,0.292,0.3861,0.192,0.2909,0.05865
0,9.465,21.01,60.11,269.4,0.1044,0.07773,0.02172,0.01504,0.1717,0.06899,0.2351,2.011,1.66,14.2,0.01052,0.01755,0.01714,0.009333,0.02279,0.004237,10.41,31.56,67.03,330.7,0.1548,0.1664,0.09412,0.06517,0.2878,0.09211
0,14.42,16.54,94.15,641.2,0.09751,0.1139,0.08007,0.04223,0.1912,0.06412,0.3491,0.7706,2.677,32.14,0.004577,0.03053,0.0384,0.01243,0.01873,0.003373,16.67,21.51,111.4,862.1,0.1294,0.3371,0.3755,0.1414,0.3053,0.08764
1,16.13,20.68,108.1,798.8,0.117,0.2022,0.1722,0.1028,0.2164,0.07356,0.5692,1.073,3.854,54.18,0.007026,0.02501,0.03188,0.01297,0.01689,0.004142,20.96,31.48,136.8,1315.0,0.1789,0.4233,0.4784,0.2073,0.3706,0.1142
0,11.52,14.93,73.87,406.3,0.1013,0.07808,0.04328,0.02929,0.1883,0.06168,0.2562,1.038,1.686,18.62,0.006662,0.01228,0.02105,0.01006,0.01677,0.002784,12.65,21.19,80.88,491.8,0.1389,0.1582,0.1804,0.09608,0.2664,0.07809
1,14.6,23.29,93.97,664.7,0.08682,0.06636,0.0839,0.05271,0.1627,0.05416,0.4157,1.627,2.914,33.01,0.008312,0.01742,0.03389,0.01576,0.0174,0.002871,15.79,31.71,102.2,758.2,0.1312,0.1581,0.2675,0.1359,0.2477,0.06836
1,18.65,17.6,123.7,1076.0,0.1099,0.1686,0.1974,0.1009,0.1907,0.06049,0.6289,0.6633,4.293,71.56,0.006294,0.03994,0.05554,0.01695,0.02428,0.003535,22.82,21.32,150.6,1567.0,0.1679,0.509,0.7345,0.2378,0.3799,0.09185
0,13.0,25.13,82.61,520.2,0.08369,0.05073,0.01206,0.01762,0.1667,0.05449,0.2621,1.232,1.657,21.19,0.006054,0.008974,0.005681,0.006336,0.01215,0.001514,14.34,31.88,91.06,628.5,0.1218,0.1093,0.04462,0.05921,0.2306,0.06291
0,8.571,13.1,54.53,221.3,0.1036,0.07632,0.02565,0.0151,0.1678,0.07126,0.1267,0.6793,1.069,7.254,0.007897,0.01762,0.01801,0.00732,0.01592,0.003925,9.473,18.45,63.3,275.6,0.1641,0.2235,0.1754,0.08512,0.2983,0.1049
0,13.05,18.59,85.09,512.0,0.1082,0.1304,0.09603,0.05603,0.2035,0.06501,0.3106,1.51,2.59,21.57,0.007807,0.03932,0.05112,0.01876,0.0286,0.005715,14.19,24.85,94.22,591.2,0.1343,0.2658,0.2573,0.1258,0.3113,0.08317
0,11.66,17.07,73.7,421.0,0.07561,0.0363,0.008306,0.01162,0.1671,0.05731,0.3534,0.6724,2.225,26.03,0.006583,0.006991,0.005949,0.006296,0.02216,0.002668,13.28,19.74,83.61,542.5,0.09958,0.06476,0.03046,0.04262,0.2731,0.06825
0,8.734,16.84,55.27,234.3,0.1039,0.07428,0.0,0.0,0.1985,0.07098,0.5169,2.079,3.167,28.85,0.01582,0.01966,0.0,0.0,0.01865,0.006736,10.17,22.8,64.01,317.0,0.146,0.131,0.0,0.0,0.2445,0.08865
1,16.6,28.08,108.3,858.1,0.08455,0.1023,0.09251,0.05302,0.159,0.05648,0.4564,1.075,3.425,48.55,0.005903,0.03731,0.0473,0.01557,0.01318,0.003892,18.98,34.12,126.7,1124.0,0.1139,0.3094,0.3403,0.1418,0.2218,0.0782
1,20.18,23.97,143.7,1245.0,0.1286,0.3454,0.3754,0.1604,0.2906,0.08142,0.9317,1.885,8.649,116.4,0.01038,0.06835,0.1091,0.02593,0.07895,0.005987,23.37,31.72,170.3,1623.0,0.1639,0.6164,0.7681,0.2508,0.544,0.09964
1,15.78,22.91,105.7,782.6,0.1155,0.1752,0.2133,0.09479,0.2096,0.07331,0.552,1.072,3.598,58.63,0.008699,0.03976,0.0595,0.0139,0.01495,0.005984,20.19,30.5,130.3,1272.0,0.1855,0.4925,0.7356,0.2034,0.3274,0.1252
0,12.43,17.0,78.6,477.3,0.07557,0.03454,0.01342,0.01699,0.1472,0.05561,0.3778,2.2,2.487,31.16,0.007357,0.01079,0.009959,0.0112,0.03433,0.002961,12.9,20.21,81.76,515.9,0.08409,0.04712,0.02237,0.02832,0.1901,0.05932
1,16.03,15.51,105.8,793.2,0.09491,0.1371,0.1204,0.07041,0.1782,0.05976,0.3371,0.7476,2.629,33.27,0.005839,0.03245,0.03715,0.01459,0.01467,0.003121,18.76,21.98,124.3,1070.0,0.1435,0.4478,0.4956,0.1981,0.3019,0.09124
0,12.32,12.39,78.85,464.1,0.1028,0.06981,0.03987,0.037,0.1959,0.05955,0.236,0.6656,1.67,17.43,0.008045,0.0118,0.01683,0.01241,0.01924,0.002248,13.5,15.64,86.97,549.1,0.1385,0.1266,0.1242,0.09391,0.2827,0.06771
0,13.5,12.71,85.69,566.2,0.07376,0.03614,0.002758,0.004419,0.1365,0.05335,0.2244,0.6864,1.509,20.39,0.003338,0.003746,0.00203,0.003242,0.0148,0.001566,14.97,16.94,95.48,698.7,0.09023,0.05836,0.01379,0.0221,0.2267,0.06192
0,8.196,16.84,51.71,201.9,0.086,0.05943,0.01588,0.005917,0.1769,0.06503,0.1563,0.9567,1.094,8.205,0.008968,0.01646,0.01588,0.005917,0.02574,0.002582,8.964,21.96,57.26,242.2,0.1297,0.1357,0.0688,0.02564,0.3105,0.07409
1,17.19,22.07,111.6,928.3,0.09726,0.08995,0.09061,0.06527,0.1867,0.0558,0.4203,0.7383,2.819,45.42,0.004493,0.01206,0.02048,0.009875,0.01144,0.001575,21.58,29.33,140.5,1436.0,0.1558,0.2567,0.3889,0.1984,0.3216,0.0757
1,20.6,29.33,140.1,1265.0,0.1178,0.277,0.3514,0.152,0.2397,0.07016,0.726,1.595,5.772,86.22,0.006522,0.06158,0.07117,0.01664,0.02324,0.006185,25.74,39.42,184.6,1821.0,0.165,0.8681,0.9387,0.265,0.4087,0.124
0,9.504,12.44,60.34,273.9,0.1024,0.06492,0.02956,0.02076,0.1815,0.06905,0.2773,0.9768,1.909,15.7,0.009606,0.01432,0.01985,0.01421,0.02027,0.002968,10.23,15.66,65.13,314.9,0.1324,0.1148,0.08867,0.06227,0.245,0.07773
1,15.12,16.68,98.78,716.6,0.08876,0.09588,0.0755,0.04079,0.1594,0.05986,0.2711,0.3621,1.974,26.44,0.005472,0.01919,0.02039,0.00826,0.01523,0.002881,17.77,20.24,117.7,989.5,0.1491,0.3331,0.3327,0.1252,0.3415,0.0974
0,14.99,22.11,97.53,693.7,0.08515,0.1025,0.06859,0.03876,0.1944,0.05913,0.3186,1.336,2.31,28.51,0.004449,0.02808,0.03312,0.01196,0.01906,0.004015,16.76,31.55,110.2,867.1,0.1077,0.3345,0.3114,0.1308,0.3163,0.09251
1,15.22,30.62,103.4,716.9,0.1048,0.2087,0.255,0.09429,0.2128,0.07152,0.2602,1.205,2.362,22.65,0.004625,0.04844,0.07359,0.01608,0.02137,0.006142,17.52,42.79,128.7,915.0,0.1417,0.7917,1.17,0.2356,0.4089,0.1409
0,9.405,21.7,59.6,271.2,0.1044,0.06159,0.02047,0.01257,0.2025,0.06601,0.4302,2.878,2.759,25.17,0.01474,0.01674,0.01367,0.008674,0.03044,0.00459,10.85,31.24,68.73,359.4,0.1526,0.1193,0.06141,0.0377,0.2872,0.08304
0,9.876,19.4,63.95,298.3,0.1005,0.09697,0.06154,0.03029,0.1945,0.06322,0.1803,1.222,1.528,11.77,0.009058,0.02196,0.03029,0.01112,0.01609,0.00357,10.76,26.83,72.22,361.2,0.1559,0.2302,0.2644,0.09749,0.2622,0.0849
1,15.5,21.08,102.9,803.1,0.112,0.1571,0.1522,0.08481,0.2085,0.06864,1.37,1.213,9.424,176.5,0.008198,0.03889,0.04493,0.02139,0.02018,0.005815,23.17,27.65,157.1,1748.0,0.1517,0.4002,0.4211,0.2134,0.3003,0.1048
0,12.89,14.11,84.95,512.2,0.0876,0.1346,0.1374,0.0398,0.1596,0.06409,0.2025,0.4402,2.393,16.35,0.005501,0.05592,0.08158,0.0137,0.01266,0.007555,14.39,17.7,105.0,639.1,0.1254,0.5849,0.7727,0.1561,0.2639,0.1178
0,11.57,19.04,74.2,409.7,0.08546,0.07722,0.05485,0.01428,0.2031,0.06267,0.2864,1.44,2.206,20.3,0.007278,0.02047,0.04447,0.008799,0.01868,0.003339,13.07,26.98,86.43,520.5,0.1249,0.1937,0.256,0.06664,0.3035,0.08284
0,11.43,17.31,73.66,398.0,0.1092,0.09486,0.02031,0.01861,0.1645,0.06562,0.2843,1.908,1.937,21.38,0.006664,0.01735,0.01158,0.00952,0.02282,0.003526,12.78,26.76,82.66,503.0,0.1413,0.1792,0.07708,0.06402,0.2584,0.08096
0,8.888,14.64,58.79,244.0,0.09783,0.1531,0.08606,0.02872,0.1902,0.0898,0.5262,0.8522,3.168,25.44,0.01721,0.09368,0.05671,0.01766,0.02541,0.02193,9.733,15.67,62.56,284.4,0.1207,0.2436,0.1434,0.04786,0.2254,0.1084
0,12.36,18.54,79.01,466.7,0.08477,0.06815,0.02643,0.01921,0.1602,0.06066,0.1199,0.8944,0.8484,9.227,0.003457,0.01047,0.01167,0.005558,0.01251,0.001356,13.29,27.49,85.56,544.1,0.1184,0.1963,0.1937,0.08442,0.2983,0.07185
0,14.97,19.76,95.5,690.2,0.08421,0.05352,0.01947,0.01939,0.1515,0.05266,0.184,1.065,1.286,16.64,0.003634,0.007983,0.008268,0.006432,0.01924,0.00152,15.98,25.82,102.3,782.1,0.1045,0.09995,0.0775,0.05754,0.2646,0.06085
0,14.05,27.15,91.38,600.4,0.09929,0.1126,0.04462,0.04304,0.1537,0.06171,0.3645,1.492,2.888,29.84,0.007256,0.02678,0.02071,0.01626,0.0208,0.005304,15.3,33.17,100.2,706.7,0.1241,0.2264,0.1326,0.1048,0.225,0.08321
1,18.46,18.52,121.1,1075.0,0.09874,0.1053,0.1335,0.08795,0.2132,0.06022,0.6997,1.475,4.782,80.6,0.006471,0.01649,0.02806,0.0142,0.0237,0.003755,22.93,27.68,152.2,1603.0,0.1398,0.2089,0.3157,0.1642,0.3695,0.08579
0,9.268,12.87,61.49,248.7,0.1634,0.2239,0.0973,0.05252,0.2378,0.09502,0.4076,1.093,3.014,20.04,0.009783,0.04542,0.03483,0.02188,0.02542,0.01045,10.28,16.38,69.05,300.2,0.1902,0.3441,0.2099,0.1025,0.3038,0.1252
1,17.91,21.02,124.4,994.0,0.123,0.2576,0.3189,0.1198,0.2113,0.07115,0.403,0.7747,3.123,41.51,0.007159,0.03718,0.06165,0.01051,0.01591,0.005099,20.8,27.78,149.6,1304.0,0.1873,0.5917,0.9034,0.1964,0.3245,0.1198
0,12.88,18.22,84.45,493.1,0.1218,0.1661,0.04825,0.05303,0.1709,0.07253,0.4426,1.169,3.176,34.37,0.005273,0.02329,0.01405,0.01244,0.01816,0.003299,15.05,24.37,99.31,674.7,0.1456,0.2961,0.1246,0.1096,0.2582,0.08893
1,15.61,19.38,100.0,758.6,0.0784,0.05616,0.04209,0.02847,0.1547,0.05443,0.2298,0.9988,1.534,22.18,0.002826,0.009105,0.01311,0.005174,0.01013,0.001345,17.91,31.67,115.9,988.6,0.1084,0.1807,0.226,0.08568,0.2683,0.06829
1,17.42,25.56,114.5,948.0,0.1006,0.1146,0.1682,0.06597,0.1308,0.05866,0.5296,1.667,3.767,58.53,0.03113,0.08555,0.1438,0.03927,0.02175,0.01256,18.07,28.07,120.4,1021.0,0.1243,0.1793,0.2803,0.1099,0.1603,0.06818
0,12.75,16.7,82.51,493.8,0.1125,0.1117,0.0388,0.02995,0.212,0.06623,0.3834,1.003,2.495,28.62,0.007509,0.01561,0.01977,0.009199,0.01805,0.003629,14.45,21.74,93.63,624.1,0.1475,0.1979,0.1423,0.08045,0.3071,0.08557
1,20.18,19.54,133.8,1250.0,0.1133,0.1489,0.2133,0.1259,0.1724,0.06053,0.4331,1.001,3.008,52.49,0.009087,0.02715,0.05546,0.0191,0.02451,0.004005,22.03,25.07,146.0,1479.0,0.1665,0.2942,0.5308,0.2173,0.3032,0.08075
1,18.31,20.58,120.8,1052.0,0.1068,0.1248,0.1569,0.09451,0.186,0.05941,0.5449,0.9225,3.218,67.36,0.006176,0.01877,0.02913,0.01046,0.01559,0.002725,21.86,26.2,142.2,1493.0,0.1492,0.2536,0.3759,0.151,0.3074,0.07863
0,15.04,16.74,98.73,689.4,0.09883,0.1364,0.07721,0.06142,0.1668,0.06869,0.372,0.8423,2.304,34.84,0.004123,0.01819,0.01996,0.01004,0.01055,0.003237,16.76,20.43,109.7,856.9,0.1135,0.2176,0.1856,0.1018,0.2177,0.08549
